Name,Symbol,Atomic_Number,Atomic_Weight,Density,Melting_Point,Boiling_Point,Phase,Absolute_Melting_Point,Absolute_Boiling_Point,Critical_Pressure,Critical_Temperature,Heat_of_Fusion,Heat_of_Vaporization,Heat_of_Combustion,Specific_Heat,Adiabatic_Index,Neel_Point,Thermal_Conductivity,Thermal_Expansion,Density_Liquid,Molar_Volume,Brinell_Hardness,Mohs_Hardness,Vickers_Hardness,Bulk_Modulus,Shear_Modulus,Young_Modulus,Poisson_Ratio,Refractive_Index,Speed_of_Sound,Valence,Electronegativity,ElectronAffinity,Autoignition_Point,Flashpoint,DOT_Hazard_Class,DOT_Numbers,EU_Number,NFPA_Fire_Rating,NFPA_Health_Rating,NFPA_Reactivity_Rating,RTECS_Number,Alternate_Names,Block,Group,Period,Electron_Configuration,Color,Gas_phase,CAS_Number,CID_Number,Gmelin_Number,NSC_Number,Electrical_Type,Electrical_Conductivity,Resistivity,Superconducting_Point,Magnetic_Type,Curie_Point,Mass_Magnetic_Susceptibility,Molar_Magnetic_Susceptibility,Volume_Magnetic_Susceptibility,Percent_in_Universe,Percent_in_Sun,Percent_in_Meteorites,Percent_in_Earths_Crust,Percent_in_Oceans,Percent_in_Humans,Atomic_Radius,Covalent_Radius,Van_der_Waals_Radius,Space_Group_Name,Space_Group_Number,HalfLife,Lifetime,Decay_Mode,Quantum_Numbers,Neutron_Cross_Section,Neutron_Mass_Absorption,Graph.Period,Graph.Group
Hydrogen,H,1.0,1.00794,0.0899,14.01,20.28,Gas,14.01,20.28,1293000.0,32.97,0.558,0.452,,14300.0,7/5,,0.1805,,,0.01121,,,,,,,,1.000132,1270.0,1.0,2.2,72.8,808.65,255.15,2.1,1966.0,EU215-605-7,4.0,3.0,0.0,RTECSMW8900000,,s,1.0,1.0,1s1,Colorless,Diatomic,CAS1333-74-0,CID783,Gmelin3,,,,,,Diamagnetic,,-2.48e-08,-2.5e-11,-2.23e-09,75.0,75.0,2.4,0.15,11.0,10.0,5.3e-11,3.7e-11,1.2e-10,P63/mmc,194.0,inf,inf,,2S1/2,0.332,0.011,1.0,1.0
Helium,He,2.0,4.002602,0.1785,,4.21999999999997,Gas,,4.22,,5.19,0.02,0.083,,,5/3,,0.1513,,,0.022424,,,,,,,,1.000035,970.0,0.0,,0.0,,,2.2,1963.0,EU231-168-5,0.0,1.0,0.0,,,p,18.0,1.0,[Xe]4f56s2,Colorless,Monoatomic,CAS7440-59-7,CID23987,Gmelin16294,,,,,,Diamagnetic,,-5.9e-09,-2.36e-11,-1.05e-09,23.0,23.0,,5.5e-07,7.2e-10,,3.1e-11,3.2e-11,1.4e-10,"Fm_
3m",225.0,inf,inf,,1S0,0.007,1e-05,1.0,18.0
Lithium,Li,3.0,6.941,535.0,453.69,1615.15,Solid,453.69,1615.0,,3223.0,3.0,147.0,-298.0,1820.0,,,85.0,4.6e-05,512.0,1.297e-05,,600000.0,,11000000000.0,4200000000.0,4900000000.0,,,6000.0,1.0,0.98,59.6,452.15,,4.3,1415.0,EU231-102-5,2.0,3.0,2.0,RTECSDS1750000,,s,1.0,2.0,[He]2s2,Silver,,CAS7439-93-2,CID3028194,Gmelin30,,Conductor,11000000.0,9.4e-08,,Paramagnetic,,6.3e-09,4.37e-11,3.37e-06,6e-07,6e-09,0.00017,0.0017,1.8e-05,3e-06,1.67e-10,1.34e-10,1.82e-10,"Im_
3m",229.0,inf,inf,,2S1/2,0.045,,2.0,1.0
Beryllium,Be,4.0,9.012182,1848.0,1560.15,2743.15,Solid,1560.0,2743.0,,,7.95,297.0,,240.0,,,190.0,1.13e-05,1690.0,4.8767e-06,600000000.0,5500000.0,1670000000.0,130000000000.0,132000000000.0,287000000000.0,0.032,,13000.0,2.0,1.57,0.0,,,6.1,1567.0,EU231-150-7,1.0,3.0,0.0,RTECSLW3850000,,s,2.0,2.0,[Xe]4f75d16s2,SlateGray,,CAS7440-41-7,CID5460467,Gmelin16256,,Conductor,25000000.0,4e-08,0.026,Diamagnetic,,-1.26e-08,-1.136e-10,-2.328e-05,1e-07,1e-08,2.9e-06,0.00019,6e-11,4e-08,1.12e-10,9e-11,,P63/mmc,194.0,inf,inf,,1S0,0.0092,3e-05,2.0,2.0
Boron,B,5.0,10.811,2460.0,2348.15,4273.15,Solid,2348.0,4273.0,3390000.0,,50.0,507.0,,1040.0,,,27.0,6e-06,2080.0,4.3947e-06,,9300000.0,49000000000.0,320000000000.0,,,,,16200.0,3.0,2.04,26.7,,,,,EU231-151-2,3.0,2.0,0.0,RTECSQW9700000,,p,13.0,2.0,[He]2s22p3,Black,,CAS7440-42-8,CID5462311,Gmelin16262,,Insulator,0.0001,10000.0,,Diamagnetic,,-8.7e-09,-9.41e-11,-2.14e-05,1e-07,2e-07,0.00016,0.00086,0.00044,7e-05,8.7e-11,8.2e-11,,"R_
3m",166.0,inf,inf,,2P1/2,755.0,2.4,2.0,13.0
Carbon,C,6.0,12.0107,2260.0,3823.15,4300.15,Solid,3823.0,4300.0,,,105.0,715.0,-393.0,165.0,,,140.0,7.1e-06,,5.3145e-06,,500000.0,,33000000000.0,,,,2.417,18350.0,4.0,2.55,153.9,758.15,,4.2,1361.0,EU231-153-3,1.0,0.0,0.0,,,p,14.0,2.0,[Xe]4f116s2,Black,,CAS7440-44-0,CID5462310,Gmelin8868,,Conductor,100000.0,1e-05,,Diamagnetic,,-6.2e-09,-7.45e-11,-1.4e-05,0.5,0.3,1.5,0.18,0.0028,23.0,6.7e-11,7.7e-11,1.7e-10,P63/mmc,194.0,inf,inf,,3P0,0.0035,1.5e-05,2.0,14.0
Nitrogen,N,7.0,14.0067,1.251,63.05,77.36,Gas,63.05,77.36,2760000.0,126.21,0.36,2.79,,1030.0,7/5,,0.02583,,,0.011196,,,,,,,,1.000298,333.6,3.0,3.04,7.0,,,2.2,1977.0,EU231-783-9,0.0,3.0,0.0,RTECSQP4450000,,p,15.0,2.0,[He]2s22p6,Colorless,Diatomic,CAS7727-37-9,CID947,Gmelin150,,,,,,Diamagnetic,,-1e-08,-1.401e-10,-1.251e-08,0.1,0.1,0.14,0.002,5e-05,2.6,5.6e-11,7.5e-11,1.55e-10,P63/mmc,194.0,inf,inf,,4S3/2,1.91,0.0048,2.0,15.0
Oxygen,O,8.0,15.9994,1.429,54.85,90.25,Gas,54.8,90.2,,154.59,0.222,3.41,,154.0,7/5,,0.02658,,,0.011196,,,,,,,,1.000271,317.5,2.0,3.44,141.0,,,2.2,1073.0,EU231-956-9,0.0,3.0,2.0,RTECSZG1925000,,p,16.0,2.0,[Xe]4f146s2,Colorless,Diatomic,CAS7782-44-7,CID977,Gmelin485,,,,,,Paramagnetic,,1.335e-06,2.13592e-08,1.90772e-06,1.0,0.9,40.0,46.0,86.0,61.0,4.8e-11,7.3e-11,1.52e-10,C12/m1,12.0,inf,inf,,3P2,0.00028,1e-06,2.0,16.0
Fluorine,F,9.0,18.9984032,1.696,53.55,85.03,Gas,53.5,85.03,,144.13,0.26,3.27,,904.0,7/5,,0.0277,,,0.011202,,,,,,,,1.000195,,1.0,3.98,328.0,,,2.3,9192.0,EU231-954-8,0.0,4.0,4.0,RTECSBD0330000,,p,17.0,2.0,[Ne]3s23p1,Colorless,Diatomic,CAS7782-41-4,CID24524,Gmelin16281,,,,,,,,,,,4e-05,5e-05,0.0087,0.054,0.00013,0.0037,4.2e-11,7.1e-11,1.47e-10,C12/c1,15.0,inf,inf,,2P3/2,0.0096,2e-05,2.0,17.0
Neon,Ne,10.0,20.1797,0.9,24.56,27.07,Gas,24.56,27.07,,44.4,0.34,1.75,,140.0,5/3,,0.0491,,,0.02242,,,,,,,,1.000067,936.0,0.0,,0.0,,,2.2,1913.0,EU231-110-9,,,,RTECSWW5505000,,p,18.0,2.0,[Xe]4f145d36s2,Colorless,Monoatomic,CAS7440-01-9,CID23935,Gmelin16211,,,,,,Diamagnetic,,-4.1e-09,-8.27e-11,-3.69e-09,0.13,0.1,,3e-07,1.2e-08,,3.8e-11,6.9e-11,1.54e-10,"Fm_
3m",225.0,inf,inf,,1S0,0.04,0.0006,2.0,18.0
Sodium,Na,11.0,22.98977,968.0,370.87,1156.15,Solid,370.87,1156.0,20700000.0,2573.0,2.6,97.7,,705.0,,,140.0,7.1e-05,927.0,2.375e-05,690000.0,500000.0,,6300000000.0,3300000000.0,10000000000.0,,,3200.0,1.0,0.93,52.8,388.15,277.15,4.3,1428.0,EU231-132-9,3.0,3.0,2.0,,Natrium,s,1.0,3.0,[Ne]3s23p4,Silver,,CAS7440-23-5,CID923,Gmelin563,,Conductor,21000000.0,4.7e-08,,Paramagnetic,,6.4e-09,1.47e-10,6.2e-06,0.002,0.004,0.55,2.3,1.1,0.14,1.9e-10,1.54e-10,2.27e-10,"Im_
3m",229.0,inf,inf,,2S1/2,0.53,0.0007,3.0,1.0
Magnesium,Mg,12.0,24.305,1738.0,923.15,1363.15,Solid,923.0,1363.0,,,8.7,128.0,-668.0,130.0,,,160.0,8.2e-06,1584.0,1.3984e-05,260000000.0,2500000.0,,45000000000.0,17000000000.0,45000000000.0,0.29,,4602.0,2.0,1.31,0.0,745.15,773.15,4.1,2950.0,EU231-104-6,1.0,0.0,1.0,RTECSRN1100000,,s,2.0,3.0,[Xe]4f145d66s2,Silver,,CAS7439-95-4,CID888,Gmelin16207,NSC529832,Conductor,23000000.0,4.4e-08,,Paramagnetic,,6.9e-09,1.68e-10,1.2e-05,0.06,0.07,12.0,2.9,0.13,0.027,1.45e-10,1.3e-10,1.73e-10,P63/mmc,194.0,inf,inf,,1S0,0.063,0.0001,3.0,2.0
Aluminum,Al,13.0,26.981538,2700.0,933.47,2792.15,Solid,933.47,2792.0,16000000.0,,10.7,293.0,,757.0,,,235.0,2.31e-05,2375.0,9.99e-06,245000000.0,2750000.0,167000000.0,76000000000.0,26000000000.0,70000000000.0,0.35,,5100.0,3.0,1.61,42.5,673.15,918.15,4.3,1396.0,EU231-072-3,1.0,0.0,1.0,RTECSTS6460000,Aluminium,p,13.0,3.0,[Ar]4s1,Silver,,CAS7429-90-5,CID5359268,Gmelin16248,,Conductor,38000000.0,2.6e-08,1.175,Paramagnetic,,7.8e-09,2.1e-10,2.11e-05,0.005,0.006,0.91,8.1,5e-07,9e-05,1.18e-10,1.18e-10,,"Fm_
3m",225.0,inf,inf,,2P1/2,0.233,0.03,3.0,13.0
Silicon,Si,14.0,28.0855,2330.0,1687.15,3173.15,Solid,1687.0,3173.0,,,50.2,359.0,-9055.0,129.1,,,150.0,2.6e-06,2570.0,1.2054e-05,,6500000.0,,100000000000.0,,47000000000.0,,,2200.0,4.0,1.9,133.6,423.15,,4.1,1346.0,EU231-130-8,0.0,1.0,0.0,RTECSMD5070000,,p,14.0,3.0,[Xe]4f145d106s1,Gray,,CAS7440-21-3,CID5461123,Gmelin61188,,Semiconductor,1000.0,0.001,,Diamagnetic,,-1.6e-09,-4.49e-11,-3.73e-06,0.07,0.09,14.0,27.0,0.0001,0.026,1.11e-10,1.11e-10,2.1e-10,"Fd_
3m",227.0,inf,inf,,3P0,171.0,0.0002,3.0,14.0
Phosphorus,P,15.0,30.973761,1823.0,317.35,553.65,Solid,317.3,553.6,,,0.64,12.4,,520.0,,,0.236,,,1.6991e-05,,,,11000000000.0,,,,1.001212,,5.0,2.19,72.0,573.15,303.15,4.2,2447.0,EU231-768-7,4.0,4.0,2.0,RTECSXR1700000,,p,15.0,3.0,[Ar]3d24s2,Colorless,,CAS7723-14-0,CID5462309,Gmelin8863,,Conductor,10000000.0,1e-07,,Diamagnetic,,-1.13e-08,-3.5e-10,-2.06e-05,0.0007,0.0007,0.11,0.099,7e-06,1.1,9.8e-11,1.06e-10,1.8e-10,P-1,2.0,inf,inf,,4S3/2,0.18,0.0002,3.0,15.0
Sulfur,S,16.0,32.065,1960.0,388.36,717.87,Solid,388.36,717.87,,1314.0,1.73,9.8,,127.0,,,0.205,,1819.0,1.636e-05,,2000000.0,,7700000000.0,,,,1.001111,,6.0,2.58,200.0,,,,,,,,,RTECSOF7525000,Sulphur,p,16.0,3.0,[Xe]4f145d106s26p2,Yellow,,CAS7704-34-9,,,,Insulator,1e-15,1000000000000000.0,,Diamagnetic,,-6.2e-09,-1.99e-10,-1.22e-05,0.05,0.04,4.0,0.042,0.093,0.2,8.8e-11,1.02e-10,1.8e-10,Fddd,70.0,inf,inf,,3P2,0.52,0.00055,3.0,16.0
Chlorine,Cl,17.0,35.453,3.214,171.65,239.11,Gas,171.6,239.11,,416.9,3.2,10.2,,479.0,7/5,,0.0089,,,0.011031,,,,1100000000.0,,,,1.000773,206.0,5.0,3.16,349.0,,,,,,,,,RTECSOO9275000,,p,17.0,3.0,[Ar]3d54s2,Yellow,Diatomic,CAS7782-50-5,CID24526,,,Insulator,0.01,100.0,,Diamagnetic,,-7.2e-09,-2.55e-10,-2.31e-08,0.0001,0.0008,0.037,0.017,2.0,0.12,7.9e-11,9.9e-11,1.75e-10,Cmca,64.0,inf,inf,,2P3/2,35.3,0.033,3.0,17.0
Argon,Ar,18.0,39.948,1.784,83.85,87.35,Gas,83.8,87.3,,150.87,1.18,6.5,,,5/3,,0.01772,,,0.022392,,,,,,,,1.000281,319.0,0.0,,0.0,,,2.2,1951.0,EU231-147-0,,,,,,p,18.0,3.0,[Xe]4f145d106s26p5,Colorless,Monoatomic,CAS7440-37-1,CID23968,Gmelin821,,,,,,Diamagnetic,,-6e-09,-2.4e-10,-1.07e-08,0.02,0.007,,0.00015,4.5e-05,,7.1e-11,9.7e-11,1.88e-10,"Fm_
3m",225.0,inf,inf,,1S0,0.65,0.0006,3.0,18.0
Potassium,K,19.0,39.0983,856.0,336.53,1032.15,Solid,336.53,1032.0,,2223.0,2.33,76.9,-182.0,445.0,,,100.0,,828.0,4.568e-05,363000.0,400000.0,,3100000000.0,1300000000.0,,,,2000.0,1.0,0.82,48.4,713.15,,4.3,2257.0,EU231-119-8,3.0,3.0,2.0,RTECSQR5950000,Kalium,s,1.0,4.0,[Ar]3d84s2,Silver,,CAS7440-09-7,CID813,Gmelin15203,,Conductor,14000000.0,7e-08,,,,6.7e-09,2.62e-10,5.74e-06,0.0003,0.0004,0.07,1.5,0.042,0.2,2.43e-10,1.96e-10,2.75e-10,"Im_
3m",229.0,inf,inf,,2S1/2,2.1,0.0018,4.0,1.0
Calcium,Ca,20.0,40.078,1550.0,1115.15,1757.15,Solid,1115.0,1757.0,,,8.54,155.0,-990.0,92.0,,,200.0,2.23e-05,1378.0,2.5857e-05,167000000.0,1750000.0,,17000000000.0,7400000000.0,20000000000.0,0.31,,3810.0,2.0,1.0,2.37,,,4.2,1855.0,EU231-179-5,1.0,3.0,2.0,,,s,2.0,4.0,[Rn]7s2,Silver,,CAS7440-70-2,CID271,Gmelin16277,,Conductor,29000000.0,3.4e-08,,Paramagnetic,,1.38e-08,5.531e-10,2.139e-05,0.007,0.007,1.1,5.0,0.00042,1.4,1.94e-10,1.74e-10,,"Fm_
3m",225.0,inf,inf,,1S0,0.43,0.00037,4.0,2.0
Scandium,Sc,21.0,44.95591,2985.0,1814.15,3103.15,Solid,1814.0,3103.0,,,16.0,318.0,,371.0,,,16.0,1.02e-05,2800.0,1.5061e-05,750000000.0,,,57000000000.0,29000000000.0,74000000000.0,0.28,,,3.0,1.36,18.1,,,4.1,3089.0,EU231-129-2,,,,RTECSLW8600000,,d,3.0,4.0,[Ar]3d104s24p1,Silver,,CAS7440-20-2,CID23952,Gmelin16304,,Conductor,1800000.0,5.5e-07,0.05,,,8.8e-08,3.956e-09,0.0002627,3e-06,4e-06,0.00064,0.0026,1.5e-10,,1.84e-10,1.44e-10,,P63/mmc,194.0,inf,inf,,2D3/2,27.2,0.025,4.0,3.0
Titanium,Ti,22.0,47.867,4507.0,1941.15,3560.15,Solid,1941.0,3560.0,,,18.7,425.0,,99.1,,,22.0,8.6e-06,4110.0,1.0621e-05,716000000.0,6000000.0,970000000.0,110000000000.0,44000000000.0,116000000000.0,0.32,,4140.0,4.0,1.54,7.6,523.15,,4.2,2546.0,EU231-142-3,1.0,1.0,2.0,,,d,4.0,4.0,[Rn]5f26d17s2,Silver,,CAS7440-32-6,CID114942,Gmelin16313,,Conductor,2500000.0,4e-07,0.4,Paramagnetic,,4.01e-08,1.919e-09,0.0001807,0.0003,0.0004,0.054,0.66,1e-07,,1.76e-10,1.36e-10,,P63/mmc,194.0,inf,inf,,3F2,6.1,0.0044,4.0,4.0
Vanadium,V,23.0,50.9415,6110.0,2183.15,3680.15,Solid,2183.0,3680.0,27200000.0,,22.8,453.0,,321.2,,,31.0,8.4e-06,5500.0,8.3374e-06,628000000.0,7000000.0,628000000.0,160000000000.0,47000000000.0,128000000000.0,0.37,,4560.0,5.0,1.63,50.6,,,4.1,3089.0,EU231-171-1,1.0,2.0,0.0,RTECSVS7700000,,d,5.0,4.0,[Ar]3d104s24p4,Silver,,CAS7440-62-2,CID23990,Gmelin49047,,Conductor,5000000.0,2e-07,5.4,,,6.28e-08,3.199e-09,0.0003837,0.0001,4e-05,0.0061,0.019,1.5e-07,3e-06,1.71e-10,1.25e-10,,"Im_
3m",229.0,inf,inf,,4F3/2,5.06,0.0033,4.0,5.0
Chromium,Cr,24.0,51.9961,7140.0,2180.15,2944.15,Solid,2180.0,2944.0,,,20.5,339.0,,,,393.0,94.0,4.9e-06,6300.0,7.2824e-06,1120000000.0,8500000.0,1060000000.0,160000000000.0,115000000000.0,279000000000.0,0.21,,5940.0,6.0,1.66,64.3,673.15,,4.1,3089.0,EU231-157-5,1.0,2.0,1.0,,,d,6.0,4.0,[Rn]5f67s2,Silver,,CAS7440-47-3,CID23976,Gmelin16274,,Conductor,7900000.0,1.3e-07,,Antiferromagnetic,,4.45e-08,2.314e-09,0.0003177,0.0015,0.002,0.3,0.014,6e-08,3e-06,1.66e-10,1.27e-10,,"Im_
3m",229.0,inf,inf,,7S3,3.1,0.0021,4.0,6.0
Manganese,Mn,25.0,54.938049,7470.0,1519.15,2334.15,Solid,1519.0,2334.0,16000000.0,,13.2,220.0,,364.0,,100.0,7.8,2.17e-05,5950.0,7.3545e-06,196000000.0,6000000.0,,120000000000.0,,198000000000.0,,,5150.0,4.0,1.55,0.0,,,4.1,3089.0,EU231-105-1,,,,RTECSVL8500000,,d,7.0,4.0,[Kr]5s1,Silver,,CAS7439-96-5,CID27854,Gmelin699,,Conductor,620000.0,1.6e-06,,Paramagnetic,,1.21e-07,6.6475e-09,0.00090387,0.0008,0.001,0.27,0.11,2e-07,2e-05,1.61e-10,1.39e-10,,"I_
43m",217.0,inf,inf,,6S5/2,13.3,0.0083,4.0,7.0
Iron,Fe,26.0,55.845,7874.0,1811.15,3134.15,Solid,1811.0,3134.0,,,13.8,347.0,,,,,80.0,1.18e-05,6980.0,7.0923e-06,490000000.0,4000000.0,608000000.0,170000000000.0,82000000000.0,211000000000.0,0.29,,4910.0,3.0,1.83,15.7,373.15,,4.1,3089.0,EU231-096-4,1.0,1.0,0.0,,Ferrum,d,8.0,4.0,[Rn]5f97s2,Gray,,CAS7439-89-6,CID23925,Gmelin6845,,Conductor,10000000.0,9.7e-08,,Ferromagnetic,1043.0,,,,0.11,0.1,22.0,6.3,3e-07,0.006,1.56e-10,1.25e-10,,"Im_
3m",229.0,inf,inf,,5D4,2.56,0.0015,4.0,8.0
Cobalt,Co,27.0,58.9332,8900.0,1768.15,3200.15,Solid,1768.0,3200.0,,,16.2,375.0,,278.0,,,100.0,1.3e-05,7750.0,6.62e-06,700000000.0,5000000.0,1043000000.0,180000000000.0,75000000000.0,209000000000.0,0.31,,4720.0,4.0,1.88,63.7,,,4.1,3089.0,EU231-158-0,,,,RTECSZH7070000,,d,9.0,4.0,[Kr]4d25s2,Gray,,CAS7440-48-4,CID104730,Gmelin49017,,Conductor,17000000.0,6e-08,,Ferromagnetic,1394.0,,,,0.0003,0.0004,0.059,0.003,8e-09,2e-06,1.52e-10,1.26e-10,,P63/mmc,194.0,inf,inf,,4F9/2,37.2,0.021,4.0,9.0
Nickel,Ni,28.0,58.6934,8908.0,1728.15,3186.15,Solid,1728.0,3186.0,,,17.2,378.0,,,,,91.0,1.34e-05,7810.0,6.5888e-06,700000000.0,4000000.0,638000000.0,180000000000.0,76000000000.0,200000000000.0,0.31,,4970.0,2.0,1.91,112.0,,,4.1,3089.0,EU231-111-4,4.0,2.0,1.0,,,d,10.0,4.0,[Rn]5f127s2,Gray,,CAS7440-02-0,CID934,Gmelin16229,,Conductor,14000000.0,7e-08,,Ferromagnetic,631.0,,,,0.006,0.008,1.3,0.0089,2e-07,1e-05,1.49e-10,1.21e-10,1.63e-10,"Fm_
3m",225.0,inf,inf,,3F4,37.2,0.0026,4.0,10.0
Copper,Cu,29.0,63.546,8920.0,1357.77,3200.15,Solid,1357.77,3200.0,,,13.1,300.0,,63.0,,,400.0,1.65e-05,8020.0,7.124e-06,874000000.0,3000000.0,369000000.0,140000000000.0,48000000000.0,130000000000.0,0.34,,3570.0,2.0,1.9,118.4,,,4.1,3089.0,EU231-159-6,1.0,1.0,0.0,,Cuprum,d,11.0,4.0,[Kr]4d55s2,Copper,,CAS7440-50-8,CID27099,Gmelin16269,,Conductor,59000000.0,1.7e-08,,Diamagnetic,,-1.08e-09,-6.86e-11,-9.63e-06,6e-06,7e-05,0.011,0.0068,3e-07,0.0001,1.45e-10,1.38e-10,1.4e-10,"Fm_
3m",225.0,inf,inf,,2S1/2,3.78,0.0021,4.0,11.0
Zinc,Zn,30.0,65.409,7140.0,692.68,1180.15,Solid,692.68,1180.0,,,7.35,119.0,,,,,120.0,3.02e-05,6570.0,9.161e-06,412000000.0,2500000.0,,70000000000.0,43000000000.0,108000000000.0,0.25,1.00205,3700.0,2.0,1.65,0.0,733.15,,4.3,1436.0,EU231-175-3,0.0,2.0,0.0,,,d,12.0,4.0,[Rn]5f147s27p1,SlateGray,,CAS7440-66-6,CID23994,Gmelin16321,,Conductor,17000000.0,5.9e-08,0.85,Diamagnetic,,-2.21e-09,-1.45e-10,-1.58e-05,3e-05,0.0002,0.018,0.0078,5e-07,0.0033,1.42e-10,1.31e-10,1.39e-10,P63/mmc,194.0,inf,inf,,1S0,1.1,0.00055,4.0,12.0
Gallium,Ga,31.0,69.723,5904.0,302.91,2477.15,Solid,302.91,2477.0,,,5.59,256.0,,240.0,,,29.0,0.00012,6095.0,1.1809e-05,60000000.0,1500000.0,,,,,,,2740.0,3.0,1.81,28.9,,,8.0,2803.0,EU231-163-8,0.0,1.0,0.0,RTECSRT3480500,,p,13.0,4.0,[Kr]4d10,Silver,,CAS7440-55-3,CID5360835,Gmelin16287,,Conductor,7100000.0,1.4e-07,1.083,Diamagnetic,,-3e-09,-2.09e-10,-1.77e-05,1e-06,4e-06,0.00076,0.0019,3e-09,,1.36e-10,1.26e-10,1.87e-10,Cmca,64.0,inf,inf,,2P1/2,2.9,0.0015,4.0,13.0
Germanium,Ge,32.0,72.64,5323.0,1211.45,3093.15,Solid,1211.4,3093.0,,,31.8,334.0,-536.0,,,,60.0,6e-06,5600.0,1.3646e-05,,6000000.0,,,,,,,5400.0,4.0,2.01,119.0,,,4.1,3089.0,EU231-164-3,0.0,1.0,0.0,,,p,14.0,4.0,[Rn]5f146d47s2,Gray,,CAS7440-56-4,CID6326954,Gmelin93634,,Semiconductor,2000.0,0.0005,,Diamagnetic,,-1.5e-09,-1.09e-10,-7.98e-06,2e-05,2e-05,0.0021,0.00014,6e-09,,1.25e-10,1.22e-10,,"Fm_
3m",225.0,inf,inf,,3P0,2.2,0.0011,4.0,14.0
Arsenic,As,33.0,74.9216,5727.0,1090.15,887.15,Solid,1090.0,887.0,,,27.7,32.4,,233.0,,,50.0,,5220.0,1.3082e-05,1440000000.0,3500000.0,,22000000000.0,,8000000000.0,,1.001552,,5.0,2.18,78.0,,,6.1,1558.0,EU231-148-6,2.0,3.0,,RTECSNL1050000,,p,15.0,4.0,[Kr]4d105s25p1,Silver,,CAS7440-38-2,CID5359596,Gmelin16247,,Conductor,3300000.0,3e-07,,Diamagnetic,,-3.9e-09,-2.92e-10,-2.23e-05,8e-07,,0.00018,0.00021,2.3e-07,5e-06,1.14e-10,1.19e-10,1.85e-10,"R_
3m",166.0,inf,inf,,4S3/2,4.3,0.002,4.0,15.0
Selenium,Se,34.0,78.96,4819.0,494.15,958.15,Solid,494.0,958.0,,1766.0,5.4,26.0,,,,,0.52,,3990.0,1.6385e-05,736000000.0,2000000.0,,8300000000.0,3700000000.0,10000000000.0,0.33,1.000895,3350.0,6.0,2.55,195.0,,,6.1,2658.0,EU231-957-4,0.0,2.0,0.0,,,p,16.0,4.0,[Rn]5f146d77s2,Gray,,CAS7782-49-2,CID107674,Gmelin8872,NSC605850,,,,,Diamagnetic,,-4e-09,-3.16e-10,-1.93e-05,3e-06,,0.0013,5e-06,4.5e-08,5e-06,1.03e-10,1.16e-10,1.9e-10,P121/c1,14.0,inf,inf,,3P2,11.7,0.0056,4.0,16.0
Bromine,Br,35.0,79.904,3120.0,265.85,332.15,Liquid,265.8,332.0,,588.0,5.8,14.8,,201.0,,,0.12,,3120.0,2.561e-05,,,,1900000000.0,,,,1.001132,,7.0,2.96,324.6,,255.15,8.0,1744.0,EU231-778-1,0.0,3.0,0.0,RTECSWY2625000,,p,17.0,4.0,[Kr]4d105s25p4,Red,,CAS7726-95-6,CID24408,Gmelin1182,,Insulator,1e-10,10000000000.0,,Diamagnetic,,-4.9e-09,-3.92e-10,-1.53e-05,7e-07,,0.00012,0.0003,0.0067,0.00029,9.4e-11,1.14e-10,1.85e-10,Cmca,64.0,inf,inf,,2P3/2,6.8,0.002,4.0,17.0
Krypton,Kr,36.0,83.798,3.75,115.79,119.93,Gas,115.79,119.93,,209.41,1.64,9.02,,,5/3,,0.00943,,,0.02235,,,,,,,,1.000427,1120.0,2.0,3.0,0.0,,,2.2,1970.0,EU231-098-5,,,,,,p,18.0,4.0,[Rn]5f146d107s2,Colorless,Monoatomic,CAS7439-90-9,CID5416,Gmelin16201,,,,,,Diamagnetic,,-4.4e-09,-3.69e-10,-1.65e-08,4e-06,,,1.5e-08,2.1e-08,,8.8e-11,1.1e-10,2.02e-10,"Fm_
3m",225.0,inf,inf,,1S0,25.0,0.013,4.0,18.0
Rubidium,Rb,37.0,85.4678,1532.0,312.46,961.15,Solid,312.46,961.0,9400000.0,2093.0,2.19,72.0,,242.0,,,58.0,,1460.0,5.5788e-05,216000.0,300000.0,,2500000000.0,,2400000000.0,,,1300.0,1.0,0.82,46.9,,,4.3,1423.0,EU231-126-6,3.0,2.0,,RTECSFK9225000,,s,1.0,5.0,[Xe]6s1,Silver,,CAS7440-17-7,CID5357696,Gmelin16244,,Conductor,8300000.0,1.2e-07,,,,2.6e-09,2.22e-10,3.98e-06,1e-06,3e-06,0.00032,0.006,1.2e-05,0.00046,2.65e-10,2.11e-10,,"Im_
3m",229.0,inf,inf,,2S1/2,0.38,0.0003,5.0,1.0
Strontium,Sr,38.0,87.62,2630.0,1050.15,1655.15,Solid,1050.0,1655.0,,,8.0,137.0,,,,,35.0,2.25e-05,6980.0,3.3316e-05,,1500000.0,,,6100000000.0,,0.28,,,2.0,0.95,5.03,,,4.2,1383.0,EU231-133-4,,,,,,s,2.0,5.0,[Rn]5f146d107s27p3,Silver,,CAS7440-24-6,CID104798,Gmelin16302,,Conductor,7700000.0,1.3e-07,,Paramagnetic,,-2.5e-09,-2.19e-10,-6.58e-06,4e-06,5e-06,0.00087,0.036,0.00081,0.00046,2.19e-10,1.92e-10,,"Fm_
3m",225.0,inf,inf,,1S0,1.2,0.0005,5.0,2.0
Yttrium,Y,39.0,88.90585,4472.0,1799.15,3618.15,Solid,1799.0,3618.0,,,11.4,380.0,,192.0,,,17.0,1.06e-05,4240.0,1.9881e-05,589000000.0,,,41000000000.0,26000000000.0,64000000000.0,0.24,,3300.0,3.0,1.22,29.6,,,4.1,3089.0,EU231-174-8,2.0,,,RTECSFK4850000,,d,3.0,5.0,[Xe]4f15d16s2,Silver,,CAS7440-65-5,CID23993,Gmelin16319,,Conductor,1800000.0,5.6e-07,1.3,,,6.66e-08,5.921e-09,0.0002978,7e-07,1e-06,0.00019,0.0029,1.3e-09,,2.12e-10,1.62e-10,,P63/mmc,194.0,inf,inf,,2D3/2,1.28,0.0006,5.0,3.0
Zirconium,Zr,40.0,91.224,6511.0,2128.15,4682.15,Solid,2128.0,4682.0,,,21.0,580.0,,193.0,,,23.0,5.7e-06,5800.0,1.4011e-05,650000000.0,5000000.0,903000000.0,,33000000000.0,68000000000.0,0.34,,3800.0,4.0,1.33,41.1,,,4.2,2008.0,EU231-176-9,1.0,1.0,0.0,,,d,4.0,5.0,[Xe]4f36s2,Silver,,CAS7440-67-7,CID23995,Gmelin16322,,Conductor,2400000.0,4.2e-07,0.61,Paramagnetic,,1.66e-08,1.514e-09,0.0001081,5e-06,4e-06,0.00066,0.013,2.6e-09,5e-06,2.06e-10,1.48e-10,,P63/mmc,194.0,inf,inf,,3F2,0.184,0.00066,5.0,4.0
Niobium,Nb,41.0,92.90638,8570.0,2750.15,5017.15,Solid,2750.0,5017.0,,,26.8,690.0,,190.0,,,54.0,7.3e-06,,1.0841e-05,736000000.0,6000000.0,1320000000.0,170000000000.0,38000000000.0,105000000000.0,0.4,,3480.0,5.0,1.6,86.1,,,,,EU231-113-5,,,,RTECSQO8575000,,d,5.0,5.0,[Xe]4f46s2,Gray,,CAS7440-03-1,CID23936,Gmelin16213,,Conductor,6700000.0,1.5e-07,9.25,,,2.81e-08,2.611e-09,0.0002408,2e-07,4e-07,1.9e-05,0.0017,1e-10,,1.98e-10,1.37e-10,,"Im_
3m",229.0,inf,inf,,6D1/2,1.15,0.0004,5.0,5.0
Molybdenum,Mo,42.0,95.94,10280.0,2896.15,4912.15,Solid,2896.0,4912.0,67000000.0,,36.0,600.0,,3570.0,,,139.0,4.8e-06,9330.0,9.333e-06,1500000000.0,5500000.0,1530000000.0,230000000000.0,20000000000.0,329000000000.0,0.31,,6190.0,6.0,2.16,71.9,,,4.1,3089.0,EU231-107-2,3.0,1.0,0.0,RTECSOJ5540000,,d,6.0,5.0,[He]2s1,Gray,,CAS7439-98-7,CID23932,Gmelin16205,NSC600660,Conductor,20000000.0,5e-08,0.915,Paramagnetic,,1.17e-08,1.122e-09,0.0001203,5e-07,9e-07,0.00012,0.00011,1e-06,1e-05,1.9e-10,1.45e-10,,"Im_
3m",229.0,inf,inf,,7S3,2.6,0.0009,5.0,6.0
Technetium,Tc,43.0,98.0,11500.0,2430.15,4538.15,Solid,2430.0,4538.0,,,23.0,550.0,,182.0,,,51.0,,,8.522e-06,,,,,,,,,,7.0,1.9,53.0,,,,,,,,,,,d,7.0,5.0,[Xe]4f76s2,Silver,,CAS7440-26-8,,,,Conductor,5000000.0,2e-07,7.8,,,3.42e-08,3.352e-09,0.0003933,,0.0,0.0,0.0,0.0,0.0,1.83e-10,1.56e-10,,P63/mmc,194.0,129944800000000.0,189870800000000.0,BetaDecay,6S5/2,22.0,,5.0,7.0
Ruthenium,Ru,44.0,101.07,12370.0,2607.15,4423.15,Solid,2607.0,4423.0,,,25.7,580.0,,710.0,,,120.0,6.4e-06,10650.0,8.1706e-06,2160000000.0,6500000.0,,220000000000.0,173000000000.0,447000000000.0,0.3,,5970.0,6.0,2.2,101.3,,,4.1,3089.0,EU231-127-1,,,,RTECSFF5250100,,d,8.0,5.0,[He]2s22p2,Silver,,CAS7440-18-8,CID23950,Gmelin16241,,Conductor,14000000.0,7.1e-08,0.49,Paramagnetic,,5.4e-09,5.46e-10,6.68e-05,4e-07,5e-07,8.1e-05,9.9e-08,7e-11,,1.78e-10,1.26e-10,,P63/mmc,194.0,inf,inf,,5F5,2.6,0.0009,5.0,8.0
Rhodium,Rh,45.0,102.9055,12450.0,2237.15,3968.15,Solid,2237.0,3968.0,,,21.7,495.0,,167.0,,,150.0,8.2e-06,10700.0,8.2655e-06,1100000000.0,6000000.0,1246000000.0,380000000000.0,150000000000.0,275000000000.0,0.26,,4700.0,6.0,2.28,109.7,,,4.1,3089.0,EU231-125-0,,,,,,d,9.0,5.0,[Xe]4f106s2,Silver,,CAS7440-16-6,CID23948,Gmelin16245,,Conductor,23000000.0,4.3e-08,,Paramagnetic,,1.32e-08,1.358e-09,0.0001643,6e-08,2e-07,1.8e-05,7e-08,,,1.73e-10,1.35e-10,,"Fm_
3m",225.0,inf,inf,,4F9/2,145.0,0.063,5.0,9.0
Palladium,Pd,46.0,106.42,12023.0,1828.05,3236.15,Solid,1828.05,3236.0,5172000.0,,16.7,380.0,,824.0,,,72.0,1.18e-05,10380.0,8.8514e-06,37300000.0,4750000.0,461000000.0,180000000000.0,44000000000.0,121000000000.0,0.39,,3070.0,4.0,2.2,53.7,,,4.2,3200.0,EU231-115-6,0.0,1.0,0.0,RTECSLM6475000,,d,10.0,5.0,[He]2s22p5,Silver,,CAS7440-05-3,CID23938,Gmelin16239,,Conductor,10000000.0,1e-07,,Paramagnetic,,6.57e-08,6.992e-09,0.0007899,2e-07,3e-07,6.6e-05,6.3e-07,,,1.69e-10,1.31e-10,1.63e-10,"Fm_
3m",225.0,inf,inf,,1S0,6.9,0.0023,5.0,10.0
Silver,Ag,47.0,107.8682,10490.0,1234.93,2435.15,Solid,1234.93,2435.0,,,11.3,255.0,,160.0,,,430.0,1.89e-05,9320.0,1.0283e-05,24500000.0,2500000.0,251000000.0,100000000000.0,30000000000.0,83000000000.0,0.37,,2600.0,2.0,1.93,125.6,,,,,EU231-131-3,0.0,1.0,0.0,,Argentum,d,11.0,5.0,[Xe]4f136s2,Silver,,CAS7440-22-4,CID104755,Gmelin1253,,Conductor,62000000.0,1.6e-08,,Diamagnetic,,-2.3e-09,-2.48e-10,-2.41e-05,6e-08,1e-07,1.4e-05,7.9e-06,1e-08,,1.65e-10,1.53e-10,1.72e-10,"Fm_
3m",225.0,inf,inf,,2S1/2,63.6,0.02,5.0,11.0
Cadmium,Cd,48.0,112.411,8650.0,594.22,1040.15,Solid,594.22,1040.0,,,6.3,100.0,,1020.0,,,97.0,3.08e-05,7996.0,1.2995e-05,203000000.0,2000000.0,,42000000000.0,19000000000.0,50000000000.0,0.3,,2310.0,2.0,1.69,0.0,523.15,,6.1,2570.0,EU231-152-8,2.0,2.0,0.0,RTECSOM3850000,,d,12.0,5.0,[Ne]3s2,Silver,,CAS7440-43-9,CID23973,Gmelin16276,,Conductor,14000000.0,7e-08,0.517,Diamagnetic,,-2.3e-09,-2.59e-10,-1.99e-05,2e-07,6e-07,4.4e-05,1.5e-05,5e-09,7e-05,1.61e-10,1.48e-10,1.58e-10,P63/mmc,194.0,inf,inf,,1S0,2450.0,1.4,5.0,12.0
Indium,In,49.0,114.818,7310.0,429.75,2345.15,Solid,429.75,2345.0,,,3.26,230.0,,144.0,,,82.0,3.21e-05,7020.0,1.5707e-05,8830000.0,1200000.0,,,,11000000000.0,,,1215.0,3.0,1.78,28.9,,,4.1,3089.0,EU231-180-0,,,,RTECSMG4600000,,p,13.0,5.0,[Xe]4f145d26s2,Silver,,CAS7440-74-6,CID5359967,Gmelin1081,,Conductor,12000000.0,8e-08,3.41,Diamagnetic,,-1.4e-09,-1.61e-10,-1.02e-05,3e-08,4e-07,4.4e-06,1.6e-05,1e-11,,1.56e-10,1.44e-10,1.93e-10,I4/mmm,139.0,inf,inf,,2P1/2,194.0,0.06,5.0,13.0
Tin,Sn,50.0,118.71,7310.0,505.08,2875.15,Solid,505.08,2875.0,,,7.0,290.0,,769.7,,,67.0,2.2e-05,6990.0,1.6239e-05,51000000.0,1500000.0,,58000000000.0,18000000000.0,50000000000.0,0.36,,2500.0,4.0,1.96,107.3,903.15,,,,EU231-141-8,3.0,1.0,3.0,RTECSTH3500000,Stannum,p,14.0,5.0,[Ne]3s23p3,Silver,,CAS7440-31-5,CID5352426,Gmelin16300,,Conductor,9100000.0,1.1e-07,3.72,Paramagnetic,,-3.1e-09,-3.68e-10,-2.27e-05,4e-07,9e-07,0.00012,0.00022,1e-09,2e-05,1.45e-10,1.41e-10,2.17e-10,I41/amd,141.0,inf,inf,,3P0,0.63,0.0002,5.0,14.0
Antimony,Sb,51.0,121.76,6697.0,903.78,1860.15,Solid,903.78,1860.0,,,19.7,68.0,,137.0,,,24.0,1.1e-05,6530.0,1.8181e-05,294000000.0,3000000.0,,42000000000.0,20000000000.0,55000000000.0,,,3420.0,5.0,2.05,103.2,,,,,,,,,RTECSVI0780000,Stibium,p,15.0,5.0,[Xe]4f145d56s2,Silver,,CAS7440-36-0,,,,Conductor,2500000.0,4e-07,,Diamagnetic,,-1.09e-08,-1.327e-09,-7.3e-05,4e-08,1e-07,1.2e-05,2e-05,2e-08,,1.33e-10,1.38e-10,,"R_
3m",166.0,inf,inf,,4S3/2,5.4,0.0016,5.0,15.0
Tellurium,Te,52.0,127.6,6240.0,722.66,1261.15,Solid,722.66,1261.0,4898000.0,,17.5,48.0,,520.33,,,3.0,,5700.0,2.0449e-05,180000000.0,2250000.0,,65000000000.0,16000000000.0,43000000000.0,,1.000991,2610.0,6.0,2.1,190.2,613.15,,6.1,2811.0,EU236-813-4,0.0,2.0,0.0,RTECSCF2300000,,p,16.0,5.0,[Ne]3s23p6,Silver,,CAS13494-80-9,CID6327182,Gmelin1153,NSC8956,Semiconductor,10000.0,0.0001,,Diamagnetic,,-3.9e-09,-4.98e-10,-2.43e-05,9e-07,,0.00021,9.9e-08,,,1.23e-10,1.35e-10,2.06e-10,P3121,152.0,inf,inf,,3P2,5.4,0.0013,5.0,16.0
Iodine,I,53.0,126.90447,4940.0,386.85,457.45,Solid,386.85,457.4,,819.0,7.76,20.9,,133.0,,,0.449,,,2.5689e-05,,,,7700000000.0,,,,,,7.0,2.66,295.2,,,8.0,1759.0,EU231-442-4,0.0,3.0,0.0,RTECSTP2160000,,p,17.0,5.0,[Xe]4f145d96s1,SlateGray,,CAS7553-56-2,CID807,Gmelin1160,NSC42355,Insulator,1e-07,10000000.0,,,,-4.5e-09,-5.71e-10,-2.22e-05,1e-07,,2.5e-05,4.9e-05,6e-06,2e-05,1.15e-10,1.33e-10,1.98e-10,Cmca,64.0,inf,inf,,2P3/2,6.2,0.0018,5.0,17.0
Xenon,Xe,54.0,131.293,5.9,161.35,165.15,Gas,161.3,165.1,,289.77,2.3,12.64,,567.0,5/3,,0.00565,,,0.0223,,,,,,,,1.000702,1090.0,6.0,2.6,0.0,,,2.2,2591.0,EU231-172-7,,,,,,p,18.0,5.0,[Ar]3d14s2,Colorless,Monoatomic,CAS7440-63-3,CID23991,Gmelin1125,,,,,,Diamagnetic,,-4.3e-09,-5.65e-10,-2.54e-08,1e-06,,,2e-09,5e-10,,1.08e-10,1.3e-10,2.16e-10,"Fm_
3m",225.0,inf,inf,,1S0,25.0,0.0083,5.0,18.0
Cesium,Cs,55.0,132.90545,1879.0,301.59,944.15,Solid,301.59,944.0,,1938.0,2.09,65.0,,129.0,,,36.0,,1843.0,7.0732e-05,140000.0,200000.0,,1600000000.0,,1700000000.0,,,,1.0,0.79,45.5,,,4.3,1407.0,EU231-155-4,,,,RTECSXG3425000,Caesium,s,1.0,6.0,[Xe]4f145d106s26p1,Silver,,CAS7440-46-2,CID5354618,Gmelin15188,,Conductor,5000000.0,2e-07,,,,-2.8e-09,-3.72e-10,-5.26e-06,8e-08,8e-07,1.4e-05,0.00019,5e-08,2e-06,2.98e-10,2.25e-10,,"Im_
3m",229.0,inf,inf,,2S1/2,29.0,0.0077,6.0,1.0
Barium,Ba,56.0,137.327,3510.0,1000.15,2143.15,Solid,1000.0,2143.0,,,8.0,140.0,,448.0,,,18.0,2.06e-05,3338.0,3.9125e-05,,1250000.0,,9600000000.0,4900000000.0,13000000000.0,,,1620.0,2.0,0.89,13.95,,,4.3,1400.0,EU231-149-1,1.0,2.0,2.0,RTECSGB4200000,,s,2.0,6.0,[Ar]3d54s1,Silver,,CAS7440-39-3,CID5355457,Gmelin16266,,Conductor,2900000.0,3.5e-07,,Paramagnetic,,1.13e-08,1.552e-09,3.966e-05,1e-06,1e-06,0.00027,0.034,3e-06,3e-05,2.53e-10,1.98e-10,,"Im_
3m",229.0,inf,inf,,1S0,1.3,0.00027,6.0,2.0
Lanthanum,La,57.0,138.9055,6146.0,1193.15,3737.15,Solid,1193.0,3737.0,,,6.2,400.0,,,,,13.0,1.21e-05,5940.0,2.2601e-05,363000000.0,2500000.0,491000000.0,28000000000.0,14000000000.0,37000000000.0,0.28,,2475.0,3.0,1.1,48.0,,,,,,,,,,,f,,6.0,[Xe]4f145d106s26p4,Silver,,CAS7439-91-0,,,,Conductor,1600000.0,6.1e-07,4.88,,,1.1e-08,1.528e-09,6.761e-05,2e-07,2e-07,2.8e-05,0.0034,3.4e-10,,,1.69e-10,,P63/mmc,194.0,inf,inf,,2D3/2,8.98,0.0023,8.5,3.0
Cerium,Ce,58.0,140.116,6689.0,1071.15,3633.15,Solid,1071.0,3633.0,,,5.5,350.0,,421.0,,12.5,11.0,6.3e-06,6550.0,2.0947e-05,412000000.0,2500000.0,270000000.0,22000000000.0,14000000000.0,34000000000.0,0.24,,2100.0,4.0,1.12,50.0,,,4.1,1333.0,EU231-154-9,3.0,2.0,2.0,RTECSGF8750000,,f,,6.0,[Ar]3d74s2,Silver,,CAS7440-45-1,CID23974,Gmelin16275,NSC158935,Conductor,1400000.0,7.4e-07,0.022,Paramagnetic,,2.2e-07,3.0826e-08,0.0014716,1e-06,4e-07,7.5e-05,0.006,1.2e-10,,,,,P63/mmc,194.0,inf,inf,,1G4,0.6,0.00021,8.5,4.0
Praseodymium,Pr,59.0,140.90765,6640.0,1204.15,3563.15,Solid,1204.0,3563.0,,,6.9,330.0,,,,,13.0,6.7e-06,6500.0,2.1221e-05,481000000.0,,400000000.0,29000000000.0,15000000000.0,37000000000.0,0.28,,2280.0,4.0,1.13,50.0,,,,,EU231-120-3,,,,,,f,,6.0,[Rn]7s1,Silver,,CAS7440-10-0,CID23942,Gmelin16238,,Conductor,1400000.0,7e-07,,,,4.23e-07,5.9604e-08,0.0028087,2e-07,1e-07,9.8e-06,0.00086,6e-11,,2.47e-10,,,P63/mmc,194.0,inf,inf,,4I9/2,11.4,0.0029,8.5,5.0
Neodymium,Nd,60.0,144.24,7010.0,1294.15,3373.15,Solid,1294.0,3373.0,,,7.1,285.0,,388.0,,19.2,17.0,9.6e-06,6890.0,2.0576e-05,265000000.0,,343000000.0,32000000000.0,16000000000.0,41000000000.0,0.28,,2330.0,3.0,1.14,50.0,,,,,EU231-109-3,,,,RTECSZG8600000,,f,,6.0,[Ar]3d104s2,Silver,,CAS7440-00-8,CID23934,Gmelin16212,,Conductor,1600000.0,6.4e-07,,Paramagnetic,,4.8e-07,6.9235e-08,0.0033648,1e-06,3e-07,5e-05,0.0033,2.8e-10,,2.06e-10,,,P63/mmc,194.0,inf,inf,,5I4,49.0,0.011,8.5,6.0
Promethium,Pm,61.0,145.0,7264.0,1373.15,3273.15,Solid,1373.0,3273.0,,,7.7,290.0,,118.0,,,15.0,1.1e-05,,1.9961e-05,,,,33000000000.0,18000000000.0,46000000000.0,0.28,,,3.0,,50.0,,,,,,,,,RTECSXO6400000,,f,,6.0,[Rn]6d27s2,Silver,,CAS7440-12-2,,,,Conductor,1300000.0,7.5e-07,,,,,,,,0.0,0.0,0.0,0.0,0.0,2.05e-10,,,,,559204200.0,806162400.0,ElectronCapture,6H5/2,8000.0,,8.5,7.0
Samarium,Sm,62.0,150.36,7353.0,1345.15,2076.15,Solid,1345.0,2076.0,,,8.6,175.0,,328.0,,106.0,13.0,1.27e-05,7160.0,2.0449e-05,441000000.0,,412000000.0,38000000000.0,20000000000.0,50000000000.0,0.27,,2130.0,3.0,1.17,50.0,423.15,,4.1,1325.0,EU231-128-7,1.0,1.0,1.0,RTECSCG0525000,,f,,6.0,[Ar]3d104s24p3,Silver,,CAS7440-19-9,CID23951,Gmelin16301,,Conductor,1100000.0,9.4e-07,,Paramagnetic,,1.11e-07,1.669e-08,0.00081618,5e-07,1e-07,1.7e-05,0.0006,4.5e-11,,2.38e-10,,,"R_
3m",166.0,inf,inf,,7F0,5900.0,4.7,8.5,8.0
Europium,Eu,63.0,151.964,5244.0,1095.15,1800.15,Solid,1095.0,1800.0,,,9.2,175.0,,,,90.5,14.0,3.5e-05,5130.0,2.8979e-05,,,167000000.0,8300000000.0,7900000000.0,18000000000.0,0.15,,,3.0,,50.0,,,,,EU231-161-7,,,,,,f,,6.0,[Rn]5f46d17s2,Silver,,CAS7440-53-1,CID23981,Gmelin15985,,Conductor,1100000.0,9e-07,,Paramagnetic,,2.76e-07,4.1942e-08,0.0014473,5e-08,5e-08,5.9e-06,0.00018,1.3e-11,,2.31e-10,,,"Im_
3m",229.0,inf,inf,,8S7/2,4450.0,0.6,8.5,9.0
Gadolinium,Gd,64.0,157.25,7901.0,1586.15,3523.15,Solid,1586.0,3523.0,5500000.0,,10.0,305.0,,248.05,,,11.0,9.4e-06,7400.0,1.9903e-05,,,570000000.0,38000000000.0,22000000000.0,55000000000.0,0.26,,2680.0,3.0,1.2,50.0,,,,,EU231-162-2,,,,RTECSOC6772500,,f,,6.0,[Ar]3d104s24p6,Silver,,CAS7440-54-2,CID23982,Gmelin16286,,Conductor,770000.0,1.3e-06,1.083,Ferromagnetic,292.0,,,,2e-07,2e-07,2.3e-05,0.00052,7e-11,,2.33e-10,,,P63/mmc,194.0,inf,inf,,9D2,49000.0,7.3,8.5,10.0
Terbium,Tb,65.0,158.92534,8219.0,1629.15,3503.15,Solid,1629.0,3503.0,,,10.8,295.0,,,,230.0,11.0,1.03e-05,7650.0,1.9336e-05,677000000.0,,863000000.0,38700000000.0,22000000000.0,56000000000.0,0.26,,2620.0,3.0,,50.0,,,,,EU231-137-6,,,,,,f,,6.0,[Rn]5f76d17s2,Silver,,CAS7440-27-9,CID23958,Gmelin16311,,Conductor,830000.0,1.2e-06,,Paramagnetic,222.0,1.36e-05,2.161385e-06,0.1117784,5e-08,1e-08,3.9e-06,9.3e-05,1.4e-11,,2.25e-10,,,P63/mmc,194.0,inf,inf,,6H15/2,23.0,0.009,8.5,11.0
Dysprosium,Dy,66.0,162.5,8551.0,1685.15,2840.15,Solid,1685.0,2840.0,,,11.1,280.0,,298.0,,178.0,11.0,9.9e-06,8370.0,1.9004e-05,500000000.0,,540000000.0,41000000000.0,25000000000.0,61000000000.0,0.25,,2710.0,3.0,1.22,50.0,,,,,EU231-073-9,,,,RTECSZG2980000,,f,,6.0,[Kr]4d15s2,Silver,,CAS7429-91-6,CID23912,Gmelin16278,,Conductor,1100000.0,9.1e-07,,Paramagnetic,87.0,5.45e-06,8.85625e-07,0.046603,2e-07,2e-07,2.7e-05,0.00062,9.1e-11,,2.28e-10,,,P63/mmc,194.0,inf,inf,,5I8,1010.0,0.2,8.5,12.0
Holmium,Ho,67.0,164.93032,8795.0,1747.15,2973.15,Solid,1747.0,2973.0,,,17.0,265.0,,,,132.0,16.0,1.12e-05,8340.0,1.8753e-05,746000000.0,,481000000.0,40000000000.0,26000000000.0,65000000000.0,0.23,,2760.0,3.0,1.23,50.0,,,4.1,3089.0,EU231-169-0,,,,,,f,,6.0,[Rn]5f117s2,Silver,,CAS7440-60-0,CID23988,Gmelin16291,,Conductor,1100000.0,9.4e-07,,Paramagnetic,20.0,5.49e-06,9.05467e-07,0.0482845,5e-08,0.0,5.9e-06,0.00012,2.2e-11,,2.26e-10,,,P63/mmc,194.0,inf,inf,,4I15/2,65.0,0.015,8.5,13.0
Erbium,Er,68.0,167.259,9066.0,1770.15,3141.15,Solid,1770.0,3141.0,,,19.9,285.0,,251.0,,82.0,15.0,1.22e-05,8860.0,1.8449e-05,814000000.0,,589000000.0,44000000000.0,28000000000.0,70000000000.0,0.24,,2830.0,3.0,1.24,50.0,,,,,EU231-160-1,,,,RTECSQA4680000,,f,,6.0,[Kr]4d55s1,Silver,,CAS7440-52-0,CID23980,Gmelin16280,,Conductor,1200000.0,8.6e-07,,Paramagnetic,32.0,3.77e-06,6.30566e-07,0.0341788,2e-07,1e-07,1.8e-05,0.0003,9e-11,,2.26e-10,,,P63/mmc,194.0,inf,inf,,3H6,165.0,0.036,8.5,14.0
Thulium,Tm,69.0,168.93421,9321.0,1818.15,2223.15,Solid,1818.0,2223.0,,,16.8,250.0,,,,56.0,17.0,1.33e-05,8560.0,1.8124e-05,471000000.0,,520000000.0,45000000000.0,31000000000.0,74000000000.0,0.21,,,3.0,1.25,50.0,,,4.1,3089.0,EU231-140-2,,,,,,f,,6.0,[Rn]5f147s2,Silver,,CAS7440-30-4,CID23961,Gmelin16307,,Conductor,1400000.0,7e-07,,Paramagnetic,25.0,1.99e-06,3.36179e-07,0.0185488,1e-08,2e-08,2.9e-06,4.5e-05,2e-11,,2.22e-10,,,P63/mmc,194.0,inf,inf,,2F7/2,105.0,0.025,8.5,15.0
Ytterbium,Yb,70.0,173.04,6570.0,1092.15,1469.15,Solid,1092.0,1469.0,,,7.7,160.0,,240.0,,,39.0,2.63e-05,6210.0,2.6338e-05,343000000.0,,206000000.0,31000000000.0,9900000000.0,24000000000.0,0.21,,1590.0,3.0,,50.0,,,,,EU231-173-2,,,,RTECSVI9069000,,f,,6.0,[Kr]4d85s1,Silver,,CAS7440-64-4,CID23992,Gmelin16014,,Conductor,3600000.0,2.8e-07,,,,5.9e-09,1.02e-09,3.88e-05,2e-07,1e-07,1.8e-05,0.00028,8e-11,,2.22e-10,,,"Fm_
3m",225.0,inf,inf,,1S0,35.0,0.0076,8.5,16.0
Lutetium,Lu,71.0,174.967,9841.0,1936.15,3675.15,Solid,1936.0,3675.0,,,22.0,415.0,,,,,16.0,9.9e-06,9300.0,1.7779e-05,893000000.0,,1160000000.0,48000000000.0,27000000000.0,69000000000.0,0.26,,,3.0,1.27,50.0,,,4.1,3089.0,EU231-103-0,,,,,,d,3.0,6.0,[Rn]5f146d37s2,Silver,,CAS7439-94-3,CID23929,Gmelin16202,,Conductor,1800000.0,5.6e-07,0.1,,,1.2e-09,2.1e-10,1.18e-05,1e-08,1e-07,2.9e-06,5.6e-05,1.5e-11,,2.17e-10,1.6e-10,,P63/mmc,194.0,inf,inf,,2D3/2,84.0,0.022,8.5,17.0
Hafnium,Hf,72.0,178.49,13310.0,2506.15,4876.15,Solid,2506.0,4876.0,,,25.5,630.0,,230.0,,,23.0,5.9e-06,12000.0,1.34102e-05,1700000000.0,5500000.0,1760000000.0,110000000000.0,30000000000.0,78000000000.0,0.37,,3010.0,4.0,1.3,0.0,,,4.2,2545.0,EU231-166-4,,,,RTECSEU9800000,,d,4.0,6.0,[Kr]4d105s2,Gray,,CAS7440-58-6,CID23986,Gmelin16293,,Conductor,3300000.0,3e-07,0.128,,,5.3e-09,9.46e-10,7.05e-05,7e-08,1e-07,1.7e-05,0.00033,8e-10,,2.08e-10,1.5e-10,,P63/mmc,194.0,inf,inf,,3F2,104.0,0.02,6.0,4.0
Tantalum,Ta,73.0,180.9479,16650.0,3290.15,5731.15,Solid,3290.0,5731.0,,,36.0,735.0,,,,,57.0,6.3e-06,15000.0,1.08677e-05,800000000.0,6500000.0,873000000.0,200000000000.0,69000000000.0,186000000000.0,0.34,,3400.0,5.0,1.5,31.0,,,4.1,3089.0,EU231-135-5,,,,,,d,5.0,6.0,[Rn]5f146d67s2,Gray,,CAS7440-25-7,CID23956,Gmelin16312,,Conductor,7700000.0,1.3e-07,4.47,,,1.07e-08,1.936e-09,0.0001782,8e-09,,2e-06,0.00017,2e-10,,2e-10,1.38e-10,,"Im_
3m",229.0,inf,inf,,4F3/2,20.5,0.0041,6.0,5.0
Tungsten,W,74.0,183.84,19250.0,3695.15,5828.15,Solid,3695.0,5828.0,,,35.0,800.0,,207.0,,,170.0,4.5e-06,17600.0,9.5501e-06,2570000000.0,7500000.0,3430000000.0,310000000000.0,161000000000.0,411000000000.0,0.28,,5174.0,6.0,2.36,78.6,,,4.1,3089.0,EU231-143-9,2.0,1.0,1.0,,Wolfram,d,6.0,6.0,[Kr]4d105s25p3,Gray,,CAS7440-33-7,CID23964,Gmelin16317,,Conductor,20000000.0,5e-08,0.015,Paramagnetic,,3.9e-09,7.17e-10,7.51e-05,5e-08,4e-07,1.2e-05,0.00011,1.2e-08,,1.93e-10,1.46e-10,,"Im_
3m",229.0,inf,inf,,5D0,18.4,0.0036,6.0,6.0
Rhenium,Re,75.0,186.207,21020.0,3459.15,5869.15,Solid,3459.0,5869.0,,,33.0,705.0,,,,,48.0,6.2e-06,18900.0,8.85856e-06,1320000000.0,7000000.0,2450000000.0,370000000000.0,178000000000.0,463000000000.0,0.3,,4700.0,7.0,1.9,14.5,,,,,EU231-124-5,,,,,,d,7.0,6.0,[Rn]5f146d107s1,Gray,,CAS7440-15-5,CID23947,Gmelin16243,NSC600662,Conductor,5600000.0,1.8e-07,1.7,,,4.6e-09,8.57e-10,9.67e-05,2e-08,1e-08,4.9e-06,2.6e-07,1e-10,,1.88e-10,1.59e-10,,P63/mmc,194.0,inf,inf,,6S5/2,90.0,0.016,6.0,7.0
Osmium,Os,76.0,190.23,22610.0,3306.15,5285.15,Solid,3306.0,5285.0,5841000.0,,31.0,630.0,,158.32,,,88.0,5.1e-06,20000.0,8.4135e-06,3920000000.0,7000000.0,,,222000000000.0,,0.25,,4940.0,6.0,2.2,106.1,,,4.1,3089.0,EU231-114-0,4.0,,1.0,RTECSZE1280000,,d,8.0,6.0,[Kr]4d105s25p6,SlateGray,,CAS7440-04-2,CID23937,Gmelin16234,NSC607772,Conductor,12000000.0,8.1e-08,0.66,Paramagnetic,,6e-10,1.1e-10,1.4e-05,3e-07,2e-07,6.6e-05,1.8e-07,,,1.85e-10,1.28e-10,,P63/mmc,194.0,inf,inf,,5D4,15.0,0.0023,6.0,8.0
Iridium,Ir,77.0,192.217,22650.0,2739.15,4701.15,Solid,2739.0,4701.0,,,26.0,560.0,,,,,150.0,6.4e-06,19000.0,8.4864e-06,1670000000.0,6500000.0,1760000000.0,320000000000.0,210000000000.0,528000000000.0,0.26,,4825.0,6.0,2.2,151.0,,,4.1,3089.0,EU231-095-9,,,,,,d,9.0,6.0,[Rn]5f146d107s27p2,Silver,,CAS7439-88-5,CID23924,Gmelin16298,,Conductor,21000000.0,4.7e-08,0.11,Paramagnetic,,2.3e-09,4.42e-10,5.21e-05,2e-07,2e-07,5.4e-05,4e-08,,,1.8e-10,1.37e-10,,"Fm_
3m",225.0,inf,inf,,4F9/2,425.0,0.08,6.0,9.0
Platinum,Pt,78.0,195.078,21090.0,2041.45,4098.15,Solid,2041.4,4098.0,,,20.0,490.0,,195.0,,,72.0,8.8e-06,19770.0,9.2498e-06,392000000.0,3500000.0,549000000.0,230000000000.0,61000000000.0,168000000000.0,0.38,,2680.0,6.0,2.28,205.3,,,4.1,3089.0,EU231-116-1,2.0,1.0,0.0,,,d,10.0,6.0,[Xe]5d16s2,Gray,,CAS7440-06-4,CID23939,Gmelin79607,,Conductor,9400000.0,1.1e-07,,Paramagnetic,,1.22e-08,2.38e-09,0.0002573,5e-07,9e-07,9.8e-05,3.7e-06,,,1.77e-10,1.28e-10,1.75e-10,"Fm_
3m",225.0,inf,inf,,3D3,10.0,0.002,6.0,10.0
Gold,Au,79.0,196.96655,19300.0,1337.33,3129.15,Solid,1337.33,3129.0,,,12.5,330.0,,,,,320.0,1.42e-05,17310.0,1.021e-05,2450000000.0,2500000.0,216000000.0,220000000000.0,27000000000.0,78000000000.0,0.44,,1740.0,5.0,2.54,222.8,,,,,EU231-165-9,0.0,2.0,0.0,,Aurum,d,11.0,6.0,[Rn]5f146d107s27p5,Gold,,CAS7440-57-5,CID23985,Gmelin16246,,Conductor,45000000.0,2.2e-08,,Diamagnetic,,-1.8e-09,-3.55e-10,-3.47e-05,6e-08,1e-07,1.7e-05,3.1e-07,5e-09,1e-05,1.74e-10,1.44e-10,1.66e-10,"Fm_
3m",225.0,inf,inf,,2S1/2,98.7,0.017,6.0,11.0
Mercury,Hg,80.0,200.59,13534.0,234.32,629.88,Liquid,234.32,629.88,,1750.0,2.29,59.2,,,,,8.3,,13534.0,1.48212e-05,,,,25000000000.0,,,,1.000933,1407.0,2.0,2.0,0.0,,,8.0,2809.0,EU231-106-7,0.0,3.0,0.0,,Hydrargyrum,d,12.0,6.0,[Rn]5f146d107s27p6,Silver,,CAS7439-97-6,CID26623,Gmelin1623,,Conductor,1000000.0,9.6e-07,4.154,Diamagnetic,,-2.1e-09,-4.21e-10,-2.84e-05,1e-07,2e-06,2.5e-05,6.7e-06,5e-09,,1.71e-10,1.49e-10,1.55e-10,"R_
3m",166.0,inf,inf,,1S0,374.0,0.063,6.0,12.0
Thallium,Tl,81.0,204.3833,11850.0,577.15,1746.15,Solid,577.0,1746.0,227000.0,,4.2,165.0,,5193.1,,,46.0,2.99e-05,11220.0,1.72475e-05,26400000.0,1200000.0,,43000000000.0,2800000000.0,8000000000.0,0.45,,818.0,3.0,1.62,19.2,,,,1707.0,EU231-138-1,,,,RTECSMH6520000,,p,13.0,6.0,1s2,Silver,,CAS7440-28-0,CID105005,Gmelin16308,,Conductor,6700000.0,1.5e-07,2.38,Diamagnetic,,-3e-09,-6.13e-10,-3.56e-05,5e-08,1e-07,7.8e-06,5.3e-05,1e-10,,1.56e-10,1.48e-10,1.96e-10,P63/mmc,194.0,inf,inf,,2P1/2,3.4,0.0006,6.0,13.0
Lead,Pb,82.0,207.2,11340.0,600.61,2022.15,Solid,600.61,2022.0,,,4.77,178.0,,196.0,,,35.0,2.89e-05,10660.0,1.8272e-05,38300000.0,1500000.0,,46000000000.0,5600000000.0,16000000000.0,0.44,,1260.0,4.0,2.33,35.1,,,,3077.0,EU231-100-4,0.0,2.0,0.0,,Plumbum,p,14.0,6.0,[Xe]4f66s2,SlateGray,,CAS7439-92-1,CID73212,Gmelin16240,,Conductor,4800000.0,2.1e-07,7.2,Diamagnetic,,-1.5e-09,-3.11e-10,-1.7e-05,1e-06,1e-06,0.00014,0.00099,3e-09,0.00017,1.54e-10,1.47e-10,2.02e-10,"Fm_
3m",225.0,inf,inf,,3P0,0.171,3e-05,6.0,14.0
Bismuth,Bi,83.0,208.98038,9780.0,544.45,1837.15,Solid,544.4,1837.0,,,10.9,160.0,,1030.0,,,8.0,1.34e-05,10050.0,2.1368e-05,94200000.0,2250000.0,,31000000000.0,12000000000.0,32000000000.0,0.33,,1790.0,5.0,2.02,91.2,,,6.1,3080.0,EU231-177-4,,,,RTECSED7350000,,p,15.0,6.0,[He]2s22p1,Gray,,CAS7440-69-9,CID5359367,Gmelin16267,,Conductor,770000.0,1.3e-06,,Diamagnetic,,-1.7e-08,-3.6e-09,-0.00017,7e-08,1e-06,6.9e-06,2.5e-06,2e-09,,1.43e-10,1.46e-10,,C12/m1,12.0,5.9926e+26,8.70504e+26,AlphaEmission,4S3/2,0.034,6e-06,6.0,15.0
Polonium,Po,84.0,209.0,9196.0,527.15,1235.15,Solid,527.0,1235.0,,,13.0,100.0,,182.0,,,,,,2.2727e-05,,,,,,,,,,6.0,2.0,183.3,,,,,,,,,,,p,16.0,6.0,[Xe]4f96s2,Silver,,CAS7440-08-6,,,,Conductor,2300000.0,4.3e-07,,,,,,,,,,,2e-18,0.0,1.35e-10,,,Pm-3m,221.0,3220234000.0,4639534000.0,AlphaEmission,3P2,0.5,,6.0,16.0
Astatine,At,85.0,210.0,,575.15,,Solid,575.0,,5043000.0,,6.0,40.0,,919.0,,,2.0,,,,,,,,,,,,,7.0,2.2,270.1,,,,,,,,,RTECSRS2060000,,p,17.0,6.0,[He]2s22p4,Silver,,CAS7440-68-8,,,,,,,,,,,,,,,0.0,0.0,0.0,0.0,1.27e-10,,,,,29016.0,42120.0,BetaPlusDecay,2P3/2,,,6.0,17.0
Radon,Rn,86.0,222.0,9.73,202.15,211.45,Gas,202.0,211.3,,377.0,3.0,17.0,,168.0,5/3,,0.00361,,,0.02282,,,,,,,,,,6.0,,0.0,,,7.0,2912.0,EU233-146-0,,,,,,p,18.0,6.0,[Xe]4f126s2,Colorless,Monoatomic,CAS10043-92-2,CID24857,Gmelin16242,,,,,,,,,,,,,,,6e-20,,1.2e-10,1.45e-10,,,,330349.968,476590.0032,AlphaEmission,1S0,0.7,,6.0,18.0
Francium,Fr,87.0,223.0,,,,Solid,,,35000000.0,,2.0,65.0,,1230.0,,,,,,,,,,,,,,,,3.0,0.7,,,,,,,,,,RTECSVY0686000,,s,1.0,7.0,[Ne]3s1,Silver,,CAS7440-73-5,,,,,,,,,,,,,,,,,,0.0,,,,,,21.7,31.7,BetaDecay,2S1/2,,,7.0,1.0
Radium,Ra,88.0,226.0,5000.0,973.15,2010.15,Solid,973.0,2010.0,,,8.0,125.0,,154.0,,,19.0,,,4.52e-05,,,,,,,,,,2.0,0.9,,,,,,EU231-122-4,,,,,,s,2.0,7.0,[Xe]4f145d16s2,Silver,,CAS7440-14-4,CID6328144,Gmelin40437,,Conductor,1000000.0,1e-06,,,,,,,,,,9.9e-12,1e-15,1e-13,,,,"Im_
3m",229.0,50148600000.0,72857400000.0,AlphaEmission,1S0,20.0,,7.0,2.0
Actinium,Ac,89.0,227.0,10070.0,1323.15,3473.15,Solid,1323.0,3473.0,,,14.0,400.0,,710.0,,,12.0,,,2.25422e-05,,,,,,,,,,3.0,1.1,,,,,,,,,,RTECSVW0400000,,f,,7.0,[Ne]3s23p2,Silver,,CAS7440-34-8,,,,,,,,,,,,,,0.0,,,,0.0,,,,"Fm_
3m",225.0,687146210.0,991336894.0,BetaDecay,2D3/2,810.0,0.079,9.5,3.0
Thorium,Th,90.0,232.0381,11724.0,2023.15,5093.15,Solid,2023.0,5093.0,,,16.0,530.0,,132.0,,,54.0,1.1e-05,,1.97917e-05,400000000.0,3000000.0,350000000.0,54000000000.0,31000000000.0,79000000000.0,0.27,,2490.0,4.0,1.3,,403.15,,7.0,2975.0,EU231-139-7,,,,RTECSYO7175000,,f,,7.0,[Xe]4f145d46s2,Silver,,CAS7440-29-1,CID23960,Gmelin16314,,Conductor,6700000.0,1.5e-07,1.38,,,5.3e-09,1.23e-09,6.21e-05,4e-08,3e-08,3.9e-06,0.0006,4e-12,0.0,,,,"Fm_
3m",225.0,4.434524e+17,6.397889e+17,AlphaEmission,3F2,7.4,0.001,9.5,4.0
Mentira,H,90.0,1.0,90.0,,4273.15,Solid,1845.0,4273.0,7991000.0,,15.0,470.0,,478.2,,,47.0,,,1.50316e-05,,,,,,,,,,5.0,1.5,,,,,,,,,,,,f,,7.0,[Ne]3s23p5,Silver,,CAS7440-13-3,,,,Conductor,5600000.0,1.8e-07,1.4,,,3.25e-08,7.509e-09,0.0004995,,,,9.9e-13,2.0000000000000002e-23,0.0,,,,I4/mmm,139.0,1034133520000.0,1491179660000.0,AlphaEmission,4K11/2,500.0,,9.5,5.0
Protactinium,Pa,91.0,231.03588,15370.0,1845.15,4273.15,Solid,1845.0,4273.0,7991000.0,,15.0,470.0,,478.2,,,47.0,,,1.50316e-05,,,,,,,,,,5.0,1.5,,,,,,,,,,,,f,,7.0,[Ne]3s23p5,Silver,,CAS7440-13-3,,,,Conductor,5600000.0,1.8e-07,1.4,,,3.25e-08,7.509e-09,0.0004995,,,,9.9e-13,2.0000000000000002e-23,0.0,,,,I4/mmm,139.0,1034133520000.0,1491179660000.0,AlphaEmission,4K11/2,500.0,,9.5,5.0
Uranium,U,92.0,238.02891,19050.0,1408.15,4200.15,Solid,1408.0,4200.0,,,14.0,420.0,,131.0,,,27.0,1.39e-05,17300.0,1.2495e-05,2400000000.0,6000000.0,1960000000.0,100000000000.0,111000000000.0,208000000000.0,0.23,,3155.0,6.0,1.38,,,,7.0,2979.0,EU231-170-6,,,,,,f,,7.0,[Xe]4f145d76s2,Silver,,CAS7440-61-1,CID23989,Gmelin16315,,Conductor,3600000.0,2.8e-07,0.68,,,2.15e-08,5.118e-09,0.0004096,2e-08,1e-07,9.8e-07,0.00018,3.3e-07,1e-07,,,1.86e-10,Cmcm,63.0,1.4101534e+17,2.03426692e+17,AlphaEmission,5L6,7.57,0.0005,9.5,6.0
Neptunium,Np,93.0,237.0,20450.0,917.15,4273.15,Solid,917.0,4273.0,,,10.0,335.0,,631.0,,,6.0,,,1.15892e-05,,,,,,,,,,6.0,1.36,,,,,,,,,,RTECSEW8040000,,f,,7.0,[Ar]4s2,Silver,,CAS7439-99-8,,,,Conductor,830000.0,1.2e-06,,,,,,,,0.0,0.0,0.0,0.0,0.0,,,,Pnma,62.0,67669070000000.0,97622608000000.0,AlphaEmission,6L11/2,180.0,,9.5,7.0
Plutonium,Pu,94.0,244.0,19816.0,913.15,3503.15,Solid,913.0,3503.0,172000000.0,,,325.0,,139.5,,,6.0,,16630.0,1.23133e-05,,,,,43000000000.0,96000000000.0,0.21,,2260.0,6.0,1.28,,,,,,EU231-117-7,,,,RTECSOV4550000,,f,,7.0,[Xe]4f145d106s2,Silver,,CAS7440-07-5,CID23940,Gmelin40432,,Conductor,670000.0,1.5e-06,,,,3.14e-08,7.662e-09,0.0006222,,0.0,0.0,0.0,0.0,0.0,,,,P121/m1,11.0,2501122000000000.0,3595560000000000.0,AlphaEmission,7F0,1.7,,9.5,8.0
Americium,Am,95.0,243.0,,1449.15,2284.15,Solid,1449.0,2284.0,,,,,,489.0,,,10.0,,,,,,,,,,,,,4.0,1.3,,,,,,,,,,RTECSYW1355000,,f,,7.0,[Ar]3d34s2,Silver,,CAS7440-35-9,,,,,,,0.6,,,5.15e-08,1.251e-08,,,0.0,0.0,0.0,0.0,0.0,,,,P63/mmc,194.0,233017520000.0,335901000000.0,AlphaEmission,8S7/2,74.0,,9.5,9.0
Curium,Cm,96.0,247.0,13510.0,1618.15,3383.15,Solid,1618.0,3383.0,,,,,,122.0,,,,,,1.82828e-05,,,,,,,,,,4.0,1.3,,,,,,,,,,RTECSEB2600000,,f,,7.0,[Xe]4f145d106s26p3,Silver,,CAS7440-51-9,,,,,,,,,,,,,,0.0,0.0,0.0,0.0,0.0,,,,P63/mmc,194.0,492024000000000.0,709650000000000.0,AlphaEmission,9D2,60.0,,9.5,10.0
Berkelium,Bk,97.0,247.0,14780.0,1323.15,,Solid,1323.0,,,,,,,449.0,,,10.0,,,1.67118e-05,,,,,,,,,,4.0,1.3,,,,,,,,,,RTECSNO4565500,,f,,7.0,[Ar]3d64s2,,,CAS7440-40-6,,,,,,,,,,,,,,0.0,0.0,0.0,0.0,0.0,,,,P63/mmc,194.0,43493660000.0,62796140000.0,AlphaEmission,6H15/2,710.0,,9.5,11.0
Californium,Cf,98.0,251.0,15100.0,1173.15,,Solid,1173.0,,6280000.0,,,,,93.65,,,,,,1.662e-05,,,,,,,,,,4.0,1.3,,,,,,,,,,RTECSVE3750000,,f,,7.0,[Xe]4f145d106s26p6,,,CAS7440-71-3,,,,,,,,,,,,,,0.0,0.0,0.0,0.0,0.0,,,,P63/mmc,194.0,28404924000.0,41002000000.0,AlphaEmission,5I8,2900.0,,9.5,12.0
Einsteinium,Es,99.0,252.0,,1133.15,,Solid,1133.0,,,,,,,384.4,,,,,,,,,,,,,,,,4.0,1.3,,,,,,,,,,RTECSGL5325000,,f,,7.0,[Ar]3d104s1,,,CAS7429-92-7,,,,,,,,,,,,,,0.0,0.0,0.0,0.0,0.0,,,,,,40755988.0,58822100.0,AlphaEmission,5I15/2,160.0,,9.5,13.0
Fermium,Fm,100.0,257.0,,1800.15,,,1800.0,,,,,,,120.0,,,,,,,,,,,,,,,,3.0,1.3,,,,,,,,,,,,f,,7.0,[Rn]6d17s2,,,CAS7440-72-4,,,,,,,,,,,,,,0.0,0.0,0.0,0.0,0.0,,,,,,8683200.0,12529728.0,AlphaEmission,3H6,5800.0,,9.5,14.0
Mendelevium,Md,101.0,258.0,,1100.15,,,1100.0,,,,,,,321.4,,,,,,,,,,,,,,,,3.0,1.3,,,,,,,,,,RTECSLY5200000,,f,,7.0,[Ar]3d104s24p2,,,CAS7440-11-1,,,,,,,,,,,,,,0.0,0.0,0.0,0.0,0.0,,,,,,4449600.0,6420384.0,AlphaEmission,2F7/2,,,9.5,15.0
Nobelium,No,102.0,259.0,,1100.15,,,1100.0,,,,,,,116.0,,,,,,,,,,,,,,,,3.0,1.3,,,,,,,,,,RTECSYR3490000,,f,,7.0,[Rn]5f36d17s2,,,CAS10028-14-5,,,,,,,,,,,,,,0.0,0.0,0.0,0.0,0.0,,,,,,10008.0,20016.0,AlphaEmission,1S0,,,9.5,16.0
Lawrencium,Lr,103.0,262.0,,1900.15,,,1900.0,,10340000.0,,,,,947.3,,,,,,,,,,,,,,,,3.0,,,,,,,,,,,RTECSEF9100000,,d,3.0,7.0,[Ar]3d104s24p5,,,CAS22537-19-5,,,,,,,,,,,,,,0.0,0.0,0.0,0.0,0.0,,,,,,36000.0,51840.0,AlphaEmission,2P1/2,,,9.5,17.0
Rutherfordium,Rf,104.0,261.0,,,,,,,,,,,,,,,,,,,,,,,,,,,,4.0,,,,,,,,,,,,,d,4.0,7.0,[Rn]5f77s2,,,CAS53850-36-5,,,,,,,,,,,,,,0.0,0.0,0.0,0.0,0.0,,,,,,47160.0,68040.0,AlphaEmission,3F2,,,7.0,4.0
Dubnium,Db,105.0,262.0,,,,,,,,,,,,300.0,,,,,,,,,,,,,,,,5.0,,,,,,,,,,,RTECSWK7849000,,d,5.0,7.0,[Kr]5s2,,,CAS53850-35-4,,,,,,,,,,,,,,0.0,0.0,0.0,0.0,0.0,,,,,,20016.0,29988.0,AlphaEmission,4F3/2,,,7.0,5.0
Seaborgium,Sg,106.0,266.0,,,,,,,,,,,,,,,,,,,,,,,,,,,,6.0,,,,,,,,,,,,,d,6.0,7.0,[Rn]5f107s2,,,CAS54038-81-2,,,,,,,,,,,,,,0.0,0.0,0.0,0.0,0.0,,,,,,6984.0,10008.0,AlphaEmission,5D0,,,7.0,6.0
Bohrium,Bh,107.0,264.0,,,,,,,,,,,,265.0,,,,,,,,,,,,,,,,7.0,,,,,,,,,,,RTECSQT9900000,,d,7.0,7.0,[Kr]4d45s1,,,CAS54037-14-8,,,,,,,,,,,,,,0.0,0.0,0.0,0.0,0.0,,,,,,5400.0,7812.0,AlphaEmission,6S5/2,,,7.0,7.0
Hassium,Hs,108.0,277.0,,,,,,,,,,,,,,,,,,,,,,,,,,,,,,,,,,,,,,,,,d,8.0,7.0,[Rn]5f137s2,,,CAS54037-57-9,,,,,,,,,,,,,,0.0,0.0,0.0,0.0,0.0,,,,,,3996.0,5004.0,AlphaEmission,5D4,,,7.0,8.0
Meitnerium,Mt,109.0,268.0,,,,,,,,,,,,238.0,,,,,,,,,,,,,,,,,,,,,,,,,,,,,d,9.0,7.0,[Kr]4d75s1,,,CAS54038-01-6,,,,,,,,,,,,,,0.0,0.0,0.0,0.0,0.0,,,,,,30.0,43.3,AlphaEmission,4F9/2,,,7.0,9.0
Darmstadtium,Ds,110.0,281.0,,,,,,,,,,,,,,,,,,,,,,,,,,,,,,,,,,,,,,,,,d,10.0,7.0,[Rn]5f146d27s2,,,CAS54083-77-1,,,,,,,,,,,,,,0.0,0.0,0.0,0.0,0.0,,,,,,4.0,5.833,AlphaEmission,3D3,,,7.0,10.0
Roentgenium,Rg,111.0,272.0,,,,,,,,,,,,235.0,,,,,,,,,,,,,,,,,,,,,,,,,,,RTECSVW3500000,,d,11.0,7.0,[Kr]4d105s1,,,CAS54386-24-2,,,,,,,,,,,,,,0.0,0.0,0.0,0.0,0.0,,,,,,10.0,14.5,AlphaEmission,2S1/2,,,7.0,11.0
Ununbium,Uub,112.0,285.0,,,,,,,,,,,,,,,,,,,,,,,,,,,,,,,,,,,,,,,,,d,12.0,7.0,[Rn]5f146d57s2,,,CAS54084-26-3,,,,,,,,,,,,,,0.0,0.0,0.0,0.0,0.0,,,,,,40.0,58.3,AlphaEmission,1S0,,,7.0,12.0
Ununtrium,Uut,113.0,284.0,,,,,,,,,,,,217.0,,,,,,,,,,,,,,,,,,,,,,,,,,,RTECSXP7320000,,p,13.0,7.0,[Kr]4d105s25p2,,,CAS54084-70-7,,,,,,,,,,,,,,0.0,0.0,0.0,0.0,0.0,,,,,,20.0,28.3,AlphaEmission,2P1/2,,,7.0,13.0
Ununquadium,Uuq,114.0,289.0,,,,,,,,,,,,,,,,,,,,,,,,,,,,,,,,,,,,,,,,,p,14.0,7.0,[Rn]5f146d97s1,,,CAS54085-16-4,,,,,,,,,,,,,,0.0,0.0,0.0,0.0,0.0,,,,,,1.33,2.0,AlphaEmission,3P0,,,7.0,14.0
Ununpentium,Uup,115.0,288.0,,,,,,,11700000.0,,,,,429.0,,,,,,,,,,,,,,,,,,,,,,,,,,,RTECSNN1575000,,p,15.0,7.0,[Kr]4d105s25p5,,,CAS54085-64-2,,,,,,,,,,,,,,0.0,0.0,0.0,0.0,0.0,,,,,,1.0,1.5,AlphaEmission,4S3/2,,,7.0,15.0
Ununhexium,Uuh,116.0,292.0,,,,,,,,,,,,,,,,,,,,,,,,,,,,,,,,,,,,,,,,,p,16.0,7.0,[Rn]5f146d107s27p1,,,CAS54100-71-9,,,,,,,,,,,,,,0.0,0.0,0.0,0.0,0.0,,,,,,0.12,0.173,AlphaEmission,3P2,,,7.0,16.0
Ununseptium,Uus,117.0,,,,,,,,,,,,,205.0,,,,,,,,,,,,,,,,,,,,,,,,,,,RTECSCQ8370000,,p,17.0,7.0,[Xe]6s2,,,CAS87658-56-8,,,,,,,,,,,,,,0.0,0.0,0.0,0.0,0.0,,,,,,0.05,0.072,,2P3/2,,,7.0,17.0
Ununoctium,Uuo,118.0,294.0,,,,,,,,,,,,,,,,,,,,,,,,,,,,,,,,,,,,,,,,,p,18.0,7.0,[Rn]5f146d107s27p4,,,CAS54144-19-3,,,,,,,,,,,,,,0.0,0.0,0.0,0.0,0.0,,,,,,0.005,0.007,AlphaEmission,1S0,,,7.0,18.0
